Total Votes,Khan Votes,Khan Percentage,Correy Votes,Correy Percentage,Li Votes,Li Percentage,O'Tooley Votes,O'Tooley Percentage
3521001,2218231,63.00001050837531,704200,19.999994319797125,492940,13.999996023857989,105630,2.999999147969569
